Num_Students,Outdoor_Temp,Time_of_Day,Humidity,Lights_On,Windows_Open,Fan_Speed,AC_Temp
33,34.71486836,Morning,69.22165384,1,0,2,26.91147403
73,27.68943405,Evening,75.26705345,1,1,4,22.53188161
73,38.54426209,Afternoon,69.68330164,0,0,3,23.52340697
7,33.20332983,Evening,89.24370109,1,0,4,22.41154055
35,33.56546215,Evening,68.1743415,0,0,1,26.13986213
94,22.36186857,Morning,85.74040902,1,1,3,21.42502088
99,23.57927272,Evening,85.50678681,1,0,4,21.68031765
17,30.45031164,Morning,69.20311187,1,0,3,26.50278313
74,23.4538323,Evening,63.57135188,1,1,5,21.11535973
35,38.97300082,Morning,55.7637235,1,1,3,20.61966926
62,26.00920591,Morning,72.32902658,1,0,5,22.64084962
98,24.87722479,Evening,81.3733044,1,1,3,21.8706305
35,39.41393974,Afternoon,45.56301257,1,0,4,23.12592018
46,23.45874356,Afternoon,87.52460279,1,1,4,20.83922475
34,28.71427841,Evening,72.48923611,1,1,3,20.4727584
78,31.68917581,Afternoon,44.20136612,1,1,3,21.16925048
25,25.39400321,Morning,59.89342731,0,1,2,27.28785738
19,29.3542085,Afternoon,49.70381099,1,1,3,27.59559104
70,34.21329813,Evening,86.13785613,0,0,3,22.54985262
39,27.7189327,Evening,75.04162286,0,1,5,23.59802699
8,20.55206779,Afternoon,80.70862827,1,1,3,22.01772007
99,37.67604593,Evening,74.32052078,1,0,5,23.63881555
86,37.49423114,Afternoon,74.35561275,1,0,3,21.70208011
85,20.17221124,Afternoon,58.63209117,0,1,5,20.2494355
11,34.64061782,Afternoon,40.12256333,0,0,1,27.83649121
85,20.32242004,Afternoon,73.60512385,0,0,3,23.6321715
26,23.57754082,Evening,82.12959333,0,0,5,20.24211237
15,25.59918966,Morning,85.24029547,0,1,5,20.24580299
9,31.32005482,Morning,36.61015971,0,0,1,26.75677613
27,30.0198925,Afternoon,54.83815867,1,1,2,25.50212251
79,26.09220105,Afternoon,30.74054148,1,0,4,21.72912527
23,33.70819153,Afternoon,83.78955456,0,1,3,22.59530719
64,22.8204384,Morning,37.87507174,0,1,4,22.88375793
35,37.46240255,Evening,74.85739718,0,0,5,21.22369916
68,27.64449736,Morning,69.72826238,0,0,5,22.17955868
22,29.70947022,Evening,86.52650265,1,0,4,23.2920017
61,28.73667996,Evening,54.6264537,1,0,5,20.07681445
42,32.23756485,Morning,66.86736401,0,0,3,25.2277251
14,34.27914083,Afternoon,61.74782434,1,0,2,25.28038021
82,37.99835698,Morning,87.07117111,0,0,4,20.91851745
35,24.39468226,Evening,68.464363,1,0,3,24.52470255
28,36.45729066,Afternoon,82.80907369,1,0,5,23.85463061
64,22.58418245,Evening,88.79900214,0,1,5,23.89611079
62,26.54713633,Afternoon,50.72419851,1,0,4,20.60140647
63,31.08066854,Morning,77.1612673,0,1,5,21.13685673
53,27.87834186,Evening,89.87093247,0,1,5,20.31957493
21,33.2694549,Morning,57.56900596,0,0,2,24.25424533
15,29.16091639,Evening,47.89638543,0,0,1,26.81418987
71,30.42195315,Afternoon,85.26037554,1,0,3,21.85177367
9,25.65263066,Morning,39.85970733,1,0,2,24.40355133
92,28.86090668,Morning,86.19808517,1,0,5,20.24112315
21,35.91975335,Evening,58.69503867,1,0,5,23.41535335
43,35.90913027,Evening,89.91118411,1,0,3,20.36434931
9,37.78384406,Morning,86.91354696,0,0,3,20.71021415
20,36.55656788,Evening,70.09099601,0,0,4,22.3545922
42,27.91040847,Evening,41.70616467,0,1,3,26.33617501
80,24.64390498,Morning,82.5469435,0,0,4,20.96598644
25,30.75985485,Morning,60.54585705,1,1,3,25.47798429
6,25.82800234,Morning,84.58035068,1,1,4,23.76559598
32,23.53051548,Morning,59.32618222,1,0,1,26.79071565
31,27.53376042,Evening,67.12908101,1,1,1,25.4946148
8,37.2781493,Evening,53.78126713,1,0,5,22.38676295
80,26.3619206,Morning,82.93381025,0,0,5,20.38371077
14,26.94224615,Morning,56.80860545,1,0,1,25.17492986
26,39.0727796,Evening,53.58220262,0,1,4,22.75846711
22,20.34512099,Evening,65.74819599,1,0,2,25.45793726
52,32.64912998,Morning,81.35507322,0,0,3,22.9038613
74,23.94039821,Evening,50.23401277,1,0,3,20.85624177
77,38.40587828,Evening,53.87880254,0,1,5,21.11597788
36,39.53874626,Morning,43.1938862,1,0,5,20.77170859
29,38.50193877,Morning,77.83401862,0,0,5,21.98797952
12,37.06242123,Afternoon,40.88473225,0,0,3,21.0850729
57,29.96962978,Morning,63.31821389,1,1,4,23.73140634
13,34.18626268,Morning,37.29839817,1,1,1,26.929539
26,38.47329254,Afternoon,49.83146946,0,0,5,20.42766401
90,29.54561288,Afternoon,70.08461549,0,1,5,21.29987835
70,30.74437028,Morning,47.46173138,1,0,4,23.82837423
47,28.00482815,Morning,48.2162252,1,1,1,26.73491075
87,30.04121478,Afternoon,54.52179874,1,0,4,23.53763599
69,27.92957421,Morning,58.40384145,1,1,4,21.93513108
19,24.99811488,Afternoon,51.44194472,0,0,1,26.05875381
10,29.04726585,Evening,89.7403443,0,0,5,20.30638841
15,26.51263092,Evening,45.10145448,1,1,1,27.93331186
96,20.23669195,Afternoon,47.98224523,1,1,3,23.57745091
43,36.81246305,Morning,30.77178177,1,1,3,21.45874107
89,30.30311579,Evening,70.06794521,1,0,4,22.79660976
43,29.98557276,Evening,70.05334891,1,0,3,21.49912946
61,37.14314499,Evening,53.35609538,0,0,4,20.9527505
44,22.20602539,Evening,68.70681682,0,0,2,25.21630189
83,20.83209942,Evening,65.60918628,0,1,5,23.19356605
82,30.0546868,Morning,57.4498701,1,1,5,20.49833084
68,21.7521208,Evening,47.69646513,1,1,4,21.46161179
32,33.05770008,Afternoon,54.98530014,0,1,1,26.50467618
56,20.61407287,Morning,68.54983055,0,0,4,22.25228306
23,34.92345321,Afternoon,44.4659765,1,1,2,24.32197366
38,22.87820295,Afternoon,47.55400224,1,0,2,25.69384531
84,34.79728201,Afternoon,63.32116842,1,1,4,23.77776037
75,20.11728668,Morning,35.02405746,1,1,4,23.03124808
11,36.46106535,Evening,71.64331088,1,0,3,21.60654129
75,21.68046699,Afternoon,45.13309699,0,0,5,21.92192028
88,23.7236946,Afternoon,71.42720505,0,1,4,21.10113409
6,30.16573248,Evening,42.23455461,1,1,3,24.86944726
22,20.68828015,Evening,80.62012803,1,1,3,20.08073178
22,25.28315314,Evening,74.4846284,0,1,3,23.13684582
20,38.99295742,Afternoon,31.96577277,0,1,4,22.4823043
30,21.37178159,Afternoon,64.18306988,1,1,2,25.30623059
15,23.03699666,Afternoon,35.44854084,0,1,2,24.62028799
6,33.80991371,Morning,36.58477619,0,1,2,26.30764324
67,24.26842166,Morning,63.92692369,1,0,3,22.27629791
32,33.69974037,Morning,67.93707777,1,0,1,26.8633637
58,22.70198154,Afternoon,57.60055359,0,0,4,23.91902575
95,39.02596178,Evening,66.45777528,0,1,5,20.19536331
17,38.43765362,Evening,55.52856497,0,0,3,22.24832056
82,26.7978376,Morning,62.99698096,1,0,5,23.8215687
66,35.56944559,Evening,72.56648564,1,0,5,22.96471389
58,20.53913798,Morning,88.24026771,1,1,5,23.94918416
62,23.47536057,Morning,62.95297044,0,1,3,23.83208936
15,27.12185947,Evening,60.69073555,0,1,2,24.77644075
11,23.45096069,Morning,30.25511963,0,0,3,26.8076722
82,23.51889548,Evening,72.22881989,0,1,3,21.48425948
6,35.34586775,Evening,47.33511779,0,0,3,20.3426544
15,31.19113887,Morning,84.37022797,0,0,3,23.18177487
36,22.1473508,Morning,70.18261112,1,1,4,20.41717872
25,27.29610368,Afternoon,78.17385439,1,1,4,23.50633648
58,24.50155903,Morning,30.64322118,0,1,3,20.09730764
29,20.31999619,Evening,40.61109694,0,0,1,26.11863018
34,35.20845578,Afternoon,84.11874591,1,1,3,20.21550674
50,23.45615797,Evening,69.17881116,1,0,1,24.20901172
28,30.85542021,Afternoon,59.50448549,0,0,3,27.50417567
31,26.08598962,Morning,81.30570838,1,1,5,23.24829943
37,30.76662407,Evening,42.98033323,1,0,3,25.71807447
30,39.93056341,Afternoon,38.8011137,0,0,3,23.58490688
28,35.22602447,Afternoon,35.91877546,0,0,4,20.14720115
29,35.95606835,Afternoon,58.98377478,0,1,4,23.53935134
93,29.439873,Morning,87.51378515,1,0,5,20.06690449
6,24.82931366,Afternoon,38.29817287,1,1,3,25.46665863
50,22.28715047,Morning,71.91372438,1,0,4,22.31031797
77,36.37853688,Morning,40.43552473,0,0,4,23.97575124
23,26.39320173,Evening,69.93145381,1,1,3,25.93582135
31,35.52595619,Morning,75.23186118,0,1,5,21.45398818
28,32.70225536,Evening,58.98025837,1,1,1,24.02038525
7,38.15615336,Morning,63.84176116,1,1,5,21.09384408
73,38.98756232,Morning,87.66229996,0,1,5,21.87272656
73,25.88990086,Afternoon,43.13466211,0,1,5,21.34015506
51,36.19278481,Afternoon,68.09188665,0,0,3,21.23591822
11,36.11069674,Morning,84.64189865,0,1,3,22.06454407
8,25.44081723,Morning,57.21872032,1,0,2,24.47601674
43,21.9198222,Morning,82.49315694,0,1,4,22.66914637
66,39.75629005,Morning,39.58644192,1,1,4,21.83481817
18,26.4796022,Evening,59.76662516,0,1,1,24.10325549
58,39.46748264,Morning,70.79086046,0,0,5,22.02633785
6,37.31019621,Evening,41.60297618,0,1,4,23.14612554
54,22.62171081,Evening,56.83999367,0,1,5,22.32722639
65,37.59653572,Evening,50.13459272,0,0,3,20.13647352
99,23.1250514,Evening,32.08164315,0,1,5,23.50329115
30,33.80175291,Evening,89.00056899,0,0,5,22.30033667
77,25.33726092,Afternoon,39.99445321,0,0,3,20.85434834
73,27.20061687,Afternoon,45.85519042,1,0,4,22.59277216
12,39.62604643,Morning,45.14332125,0,0,3,21.17747034
67,29.14660993,Evening,30.1451232,1,0,4,21.74595376
65,33.10696809,Evening,81.10279797,1,0,5,22.09895047
29,33.2286323,Afternoon,51.13340587,1,0,3,27.99506538
5,38.61193223,Evening,34.26217591,0,0,5,20.1052425
44,38.04624425,Evening,33.29722994,1,0,3,23.06112633
61,36.29586273,Morning,72.8733341,0,1,4,22.50311059
44,31.27545049,Morning,76.72185557,0,0,3,21.60977692
62,22.01129465,Morning,46.08704992,0,1,5,21.44341423
28,30.48047822,Afternoon,30.72879459,0,0,2,27.92915531
54,26.85656937,Evening,83.66372442,0,0,3,20.54262815
76,22.48081095,Afternoon,54.790295,1,1,3,23.41839871
24,34.87472,Evening,68.1273563,1,0,3,24.75967243
20,33.08158376,Evening,82.54970171,1,0,5,22.63271726
23,39.84162682,Evening,52.80217591,1,1,3,22.79558196
39,34.9163621,Morning,35.0682463,0,1,1,24.31602827
65,37.54919176,Afternoon,56.9660441,0,1,5,20.43293229
83,37.00480967,Evening,59.85358633,0,0,5,21.05576609
20,33.27538136,Evening,58.98434875,1,0,3,24.89557863
80,25.14441808,Afternoon,73.65247802,0,0,5,21.81340872
51,23.92582567,Morning,40.29800099,1,1,4,20.4299148
71,28.36121711,Afternoon,87.21684293,1,0,3,21.24072211
29,39.74285383,Afternoon,69.45873134,1,1,3,22.15917656
33,20.64725193,Evening,49.76299499,1,1,1,24.51565612
79,24.98951411,Afternoon,62.82849881,0,0,5,22.65748269
100,23.73998905,Morning,83.8509803,0,1,3,22.71752299
99,38.64882358,Evening,82.53495196,0,1,5,23.52658356
74,26.79693512,Evening,34.46455999,0,1,5,23.72977046
61,33.8633691,Afternoon,63.40477307,1,0,5,21.4868184
30,26.51471316,Evening,35.16499634,0,0,2,25.76963728
65,29.04923569,Morning,47.99619464,1,0,5,22.04209192
31,33.03108324,Evening,81.13714316,0,1,4,22.23443299
36,26.98331231,Afternoon,80.95363819,0,0,4,20.45188116
91,33.93766247,Afternoon,74.79731597,0,1,3,21.71750595
86,27.17684882,Morning,37.6272809,0,1,3,23.3149244
67,30.40467461,Evening,82.02154882,1,1,5,20.87521934
21,20.57748571,Morning,62.81958312,1,0,3,25.43989285
34,29.87042271,Morning,37.4137605,0,1,1,24.65570067
17,26.5419132,Evening,87.35046027,0,0,4,20.07943201
56,38.59171092,Afternoon,83.43611354,1,0,3,20.06843756
86,30.81225067,Evening,56.28886136,1,0,4,20.62169352
80,32.05675887,Evening,53.34700207,1,0,5,22.73869381
66,39.0636781,Afternoon,79.119205,0,0,5,20.5009896
73,30.86996051,Afternoon,70.76510125,1,1,4,22.88059562
25,39.82922096,Morning,56.24400888,0,0,3,23.09458373
50,35.05088009,Morning,58.73793925,0,1,5,21.39930438
78,25.56249651,Afternoon,60.9110753,0,0,4,22.73961614
90,20.98798169,Morning,51.92495894,0,0,4,22.04951181
24,24.76986519,Morning,53.03026847,1,0,3,25.85610644
35,21.64034595,Afternoon,39.05030073,1,0,1,26.39163278
47,28.66261196,Afternoon,44.32004303,1,1,1,25.16982632
91,26.3436619,Evening,45.76911181,1,1,3,22.61497365
46,38.28855019,Evening,87.99039755,1,0,4,20.42981529
77,31.94521506,Afternoon,78.98412837,1,0,3,22.01236722
27,20.3157396,Evening,71.1102968,1,0,5,22.37364384
64,29.27860544,Morning,70.86512753,1,1,3,20.74740642
77,27.42944394,Evening,45.15081114,0,1,3,22.53967311
20,33.10021785,Afternoon,84.52426923,1,1,3,23.01474194
21,38.78567954,Morning,31.70067365,0,1,4,23.66141065
56,27.21500526,Morning,83.43386372,1,0,4,22.07030798
61,33.61103162,Afternoon,72.31417905,1,1,4,23.61753426
28,23.55418128,Afternoon,53.37578848,0,0,2,27.42435966
11,20.71374499,Morning,42.55219424,0,1,3,26.24558598
38,32.33480137,Afternoon,79.2583892,1,0,5,22.17827066
55,33.72668162,Evening,81.4098322,0,1,5,20.83693941
52,34.29823446,Evening,81.28747544,1,0,4,21.55187144
45,28.17678035,Morning,31.21370891,0,1,1,27.66755271
38,26.51528869,Evening,78.38179708,1,0,3,21.13735322
44,35.22993597,Evening,81.25956247,1,0,3,21.21063714
24,24.51629806,Afternoon,35.94265248,1,0,1,26.26491691
86,33.83076792,Evening,36.34629231,0,1,4,20.31406861
95,20.83739616,Morning,76.46826674,0,1,4,22.25330433
89,31.48856147,Evening,42.92787268,1,0,3,22.14227827
93,25.15406194,Evening,86.56043634,0,1,5,21.01697891
29,28.59325314,Afternoon,67.69695191,0,0,3,25.64220945
31,22.79291558,Afternoon,53.89046823,1,1,2,24.35916292
98,29.66201819,Evening,43.94574834,1,1,3,23.9360561
22,38.003106,Evening,68.55701171,1,0,3,23.32525866
61,28.63335466,Evening,64.75129549,0,0,3,22.26202789
35,36.79497519,Morning,71.99853938,0,1,4,23.96573433
18,36.43873873,Afternoon,74.20393394,0,0,4,20.99587005
99,32.59147535,Evening,76.35542707,1,1,4,23.0674878
30,23.94367547,Evening,33.96694199,1,1,2,27.34098828
45,23.10485053,Morning,57.50959601,1,1,2,24.21167884
21,27.35680547,Evening,74.92516005,0,1,4,22.54392265
18,35.07049917,Morning,77.90128058,1,1,5,23.60384082
13,33.40574201,Afternoon,84.29768732,1,1,5,20.14781133
72,37.46189527,Morning,60.48375633,0,0,5,23.08294806
51,28.55278406,Evening,66.54548893,1,0,5,22.6566666
17,26.92486219,Evening,56.61040687,0,1,3,24.90803004
21,34.13843105,Evening,75.27835861,0,0,5,23.75945086
68,22.33822706,Evening,66.62341257,0,1,3,21.00329631
43,27.47345273,Evening,31.44224323,0,1,1,25.2366569
64,35.6672833,Afternoon,46.25010893,0,1,4,22.19891549
12,22.83069864,Morning,55.27845618,1,1,3,25.67077786
85,32.18874759,Evening,33.11639749,0,1,3,21.72495558
38,24.77146829,Evening,69.67467464,0,0,2,26.23699869
95,29.25925837,Afternoon,84.76356241,0,1,3,22.73683203
38,24.58835912,Morning,80.95061697,1,1,4,21.23785437
61,20.93672858,Evening,66.04593368,1,1,3,23.42228751
67,31.33774558,Morning,82.07563426,0,1,5,21.87757746
41,30.42472254,Evening,58.10580154,1,0,2,26.11461406
8,34.9789205,Evening,71.65541254,1,0,5,20.56636125
35,31.75313521,Morning,49.58584281,0,0,2,26.36447696
34,20.8375766,Afternoon,83.03855882,1,1,5,22.56698152
32,31.20580668,Afternoon,57.5328261,0,1,3,24.71475741
63,25.58890153,Morning,67.78377136,1,0,5,23.60670471
6,21.68745512,Afternoon,72.1831913,1,1,4,22.95686468
84,22.52732276,Morning,76.01816832,1,0,4,20.64909957
74,22.00299002,Morning,33.37192308,1,0,3,21.99593587
41,29.10600247,Evening,47.24723693,1,1,3,27.55707835
78,26.30862129,Morning,81.06755686,0,0,4,23.35089092
40,32.15165338,Evening,69.2590117,0,0,2,24.3227793
19,23.94262844,Afternoon,79.69876576,0,1,4,23.72387824
21,36.30958886,Afternoon,54.11985093,0,1,3,22.58643839
43,25.73251946,Morning,43.59729082,0,1,1,25.81259647
84,34.06342266,Evening,67.30513516,1,1,5,23.64744954
28,21.35990562,Afternoon,63.77685735,1,0,2,25.21974376
35,29.14375248,Afternoon,33.40253004,0,1,1,27.4481927
23,21.41233518,Morning,36.00148216,0,0,2,24.93013525
6,31.22633547,Evening,72.2451411,0,1,4,22.50162383
68,37.55223074,Afternoon,63.14659465,1,0,4,23.17887475
55,26.494049,Morning,63.51470899,0,1,3,21.96805494
57,21.23082242,Evening,45.80618305,1,1,4,23.65789275
58,32.57565884,Afternoon,50.06098211,1,1,3,22.29743122
98,22.9992655,Evening,33.31591473,1,1,5,22.13836998
32,34.02512794,Afternoon,30.86819903,1,0,3,27.77839347
8,22.64248461,Evening,63.26535082,1,0,3,26.29314395
91,36.53430322,Evening,66.25353876,0,1,3,22.20404647
80,21.79529452,Evening,45.02404313,1,0,3,21.93473237
96,32.45973455,Morning,80.11649504,0,1,5,21.42355502
7,34.44570668,Afternoon,34.6621334,0,1,2,24.1898415
43,38.97870465,Evening,52.52447392,1,0,3,23.85161428
48,35.36082159,Afternoon,35.29511755,0,1,4,21.11391925
90,30.37878409,Evening,77.45067334,0,1,4,22.27017766
98,27.75068498,Afternoon,85.93043968,1,1,4,22.38076314
61,23.43070174,Morning,37.17009444,1,1,5,20.78125695
43,24.55419771,Evening,42.13183783,0,0,3,24.0887636
98,31.73910453,Evening,57.23507295,1,0,4,22.34902538
42,30.04763126,Morning,58.82626191,0,1,1,24.13978327
16,39.76499093,Morning,84.27676781,1,0,3,23.0497657
37,33.86835613,Afternoon,30.30979892,0,1,3,24.28327585
80,26.91361399,Morning,77.49015378,0,0,5,20.57858059
64,38.73338258,Morning,48.3842366,1,0,5,20.03180331
18,32.92796304,Evening,70.26068386,1,0,4,21.04353076
59,32.01079258,Evening,49.6429699,1,0,5,23.43703129
33,24.23168703,Evening,75.96394257,1,0,5,21.10105004
16,22.62968012,Evening,52.23344945,1,1,2,26.35236768
6,33.93057463,Afternoon,52.44618411,0,1,2,25.99027413
95,32.41140698,Afternoon,33.57819816,0,0,3,23.44938511
70,32.04061848,Afternoon,39.48521843,1,0,4,21.92457549
78,30.93179179,Evening,86.07396397,0,1,4,23.94318066
97,30.66422437,Morning,81.416278,0,0,4,23.11182832
16,29.87328605,Evening,36.8942154,1,1,1,24.43026687
9,29.78291616,Evening,86.33286052,1,1,3,23.95930214
80,32.48581435,Evening,39.76292345,0,1,4,22.80095093
28,25.82723845,Evening,49.08822779,0,0,3,27.68807595
66,20.20973237,Evening,52.18083313,0,0,4,21.77916484
28,20.0887294,Morning,72.04910539,1,0,3,20.95211825
49,29.92242916,Morning,66.62586489,0,1,3,25.60986749
32,24.74038446,Morning,64.27995238,0,1,1,26.36147939
46,34.72186281,Evening,31.881663,0,0,2,27.65319665
81,32.87443724,Evening,35.99336493,0,0,5,23.14527641
88,28.49283362,Afternoon,44.44608115,1,1,4,21.8601791
83,21.6817653,Morning,58.30301996,0,0,3,21.19721524
78,34.34398303,Evening,32.00530924,1,0,5,21.51038941
49,29.78886394,Evening,73.63128052,1,1,4,23.84194401
8,30.68288222,Evening,32.8939537,0,0,2,26.53453921
63,38.53365043,Evening,64.00969725,0,0,4,20.39518523
6,34.77802257,Afternoon,35.05724263,0,1,3,26.46750545
10,20.55073773,Evening,71.84231515,1,0,3,20.69227154
6,35.44602988,Evening,85.41022598,0,1,3,20.8842324
23,28.92171437,Afternoon,31.27534658,1,0,3,26.32211711
34,32.12060902,Evening,68.10058785,1,0,1,26.72238244
69,20.28443513,Evening,52.86405383,1,1,3,20.80426499
32,22.49264421,Morning,73.5915154,0,1,3,21.22324364
21,32.46836694,Afternoon,86.01222817,1,0,4,21.89455912
7,26.05177453,Morning,45.05833876,1,1,2,26.88531357
18,32.85537778,Afternoon,89.02861198,1,1,5,21.1355115
75,22.49531603,Morning,70.73452991,0,1,5,20.34367837
83,30.30826055,Morning,73.08377954,1,1,3,21.68740753
83,32.24339212,Afternoon,77.49363419,0,1,4,21.17167459
58,25.1421601,Morning,41.56012508,1,0,3,23.89171588
77,26.23444974,Evening,41.8999019,0,0,4,21.9143491
69,28.17938192,Morning,55.17766332,1,0,5,22.71224145
78,26.96344377,Afternoon,49.62344216,1,1,4,21.55856122
17,38.52149771,Morning,38.63925234,1,0,4,23.37988342
54,24.51876407,Evening,50.03765744,0,0,5,22.96651045
92,39.69204423,Afternoon,50.9217734,0,0,5,20.32376613
17,35.85777304,Evening,83.70844213,0,0,5,20.24073646
44,33.83605806,Afternoon,45.93102399,0,1,2,27.30936333
57,27.28610776,Evening,78.29948988,1,1,5,22.3941417
44,27.75170632,Morning,55.68058724,0,0,2,25.10583225
59,32.74813162,Morning,87.47672118,0,1,4,21.53521966
25,26.04473359,Evening,32.79442112,0,0,2,25.15167085
55,34.04001366,Evening,71.19466361,0,0,4,23.2602819
96,29.39364502,Morning,79.63725636,1,0,5,21.59089769
30,23.41107374,Afternoon,82.96062053,1,0,3,23.05203709
27,21.51286216,Evening,58.23342755,0,1,3,25.89073921
34,31.04132072,Afternoon,54.97351828,1,1,3,27.78810391
39,28.88811773,Morning,64.30177201,0,0,3,25.65337147
97,29.36451456,Evening,76.55731816,1,0,5,21.95636912
25,27.98420332,Morning,65.35768562,0,0,3,24.99481541
39,31.70368367,Evening,84.50042559,1,0,5,21.12019618
71,30.10532676,Afternoon,73.74346825,1,1,5,20.01564284
84,24.52644751,Afternoon,30.77054675,0,0,4,20.4123177
41,20.69465118,Morning,59.46163966,1,1,1,25.32038434
92,32.98568556,Morning,88.90229058,1,0,3,21.40101454
18,33.29627,Afternoon,36.61861697,0,0,2,26.23146944
12,27.19309173,Afternoon,58.72973159,1,0,1,26.70202955
60,26.21171642,Afternoon,52.84079087,0,0,4,22.81678965
65,38.56999147,Morning,50.69111556,0,1,4,21.50554144
50,22.81373303,Afternoon,78.77622152,0,0,3,22.65568714
22,37.66181214,Evening,59.46844582,0,0,4,20.34967085
62,36.20818938,Morning,46.99004497,1,0,5,20.98514303
37,37.30133238,Afternoon,48.98980319,1,1,3,22.74340719
11,26.84348125,Evening,37.06292988,0,0,1,25.60872036
42,28.20450072,Evening,75.94531231,1,0,3,20.71434325
50,24.31808448,Afternoon,65.71361001,0,0,2,26.42897489
84,36.6822788,Morning,72.38406383,1,1,5,21.47236401
6,31.00065947,Evening,83.65278719,0,1,4,23.10538892
30,33.80622979,Evening,48.95091098,0,0,1,24.39013459
79,35.01582783,Afternoon,70.03917273,0,1,4,21.6854502
16,29.19277813,Evening,46.30837369,0,1,3,25.3194561
48,20.33681401,Afternoon,81.65571524,1,1,5,22.64545346
15,31.79219073,Afternoon,72.13165218,1,0,5,20.92974945
91,21.499222,Morning,76.58420226,1,0,3,22.81621078
7,25.96576043,Afternoon,43.49772459,1,0,1,26.03282417
89,25.0375407,Afternoon,37.52347549,0,1,5,22.39792062
31,21.14366949,Afternoon,67.72449099,0,1,2,24.09688569
91,25.2719048,Evening,63.48139106,0,0,3,23.36394951
41,32.80079743,Morning,78.70899281,1,1,3,20.70631513
90,28.26079594,Evening,62.34320309,0,1,4,23.18512996
16,21.91080206,Afternoon,63.28213078,0,0,3,24.19396529
85,22.11295507,Afternoon,83.79059228,1,0,4,20.53388054
24,34.04190014,Evening,37.80539554,1,1,2,24.00141438
100,26.61878166,Afternoon,41.13400679,1,0,5,20.79506394
6,30.66863111,Afternoon,42.09688247,1,0,1,26.47759167
24,31.40683076,Afternoon,47.87482139,1,1,3,24.19817701
99,21.61188627,Morning,83.22828593,1,1,4,22.52233493
29,25.22218609,Afternoon,51.3132409,1,0,1,25.57338887
94,23.52875663,Evening,84.03810123,1,0,5,20.66146436
80,24.43030399,Afternoon,87.27481596,0,0,5,23.67507502
76,31.25140873,Evening,89.59677875,0,1,3,22.71421988
52,28.75995878,Afternoon,53.93837023,0,0,3,23.60036551
36,35.17386398,Morning,88.87198149,1,0,4,23.14005731
34,22.55964114,Afternoon,45.19876349,0,0,2,26.98868461
43,39.66781311,Morning,32.42901477,0,1,3,21.94325347
30,24.80462713,Evening,70.55191673,0,0,3,21.013253
81,36.52673244,Morning,47.41386057,0,0,3,23.8008812
67,34.03400956,Evening,46.59994108,0,1,3,21.4326782
72,37.35411128,Afternoon,62.54482457,0,0,5,20.20794251
20,36.78383071,Evening,74.61887583,1,0,4,20.71365864
60,33.42999794,Evening,60.40347546,1,1,3,20.56953764
86,26.69468297,Afternoon,58.21176114,1,0,5,21.59335813
77,32.63674449,Morning,35.47558579,0,0,3,20.51890034
96,28.92856728,Morning,87.85386418,1,0,5,20.05257253
49,34.81806077,Afternoon,48.96020721,1,0,3,24.4385572
11,30.60107268,Morning,44.86456179,1,1,3,26.01460151
94,29.35711671,Morning,81.21085791,1,1,5,23.03477783
80,30.83522407,Afternoon,82.47574736,1,1,5,22.04167622
100,36.61621421,Morning,64.40155515,0,0,4,20.42736418
6,23.74887042,Evening,60.76646657,0,0,3,25.55627528
21,22.29031226,Evening,84.54279911,1,0,3,20.14084583
73,31.5150401,Morning,42.89237951,0,1,4,21.46096775
52,23.76487288,Afternoon,78.0212154,1,0,4,21.34666033
87,35.72788889,Afternoon,85.35404405,0,1,5,22.72806415
57,33.80152122,Afternoon,54.24521215,1,1,3,22.09676216
14,29.54398314,Afternoon,59.85964761,1,1,1,25.95963454
12,38.76824592,Afternoon,37.59316504,1,0,4,21.49289557
40,36.18450951,Afternoon,61.94863419,1,0,4,21.05589712
37,35.71069197,Afternoon,74.91895666,1,0,5,23.84910651
50,28.81795798,Afternoon,63.01071353,1,0,1,24.07936839
26,31.83788061,Morning,39.24958401,0,0,2,25.32344195
33,20.60530997,Morning,86.04479246,0,0,5,21.43182393
62,32.80667958,Morning,65.41928463,1,1,3,21.73189497
72,35.74494074,Morning,66.07478852,1,1,5,20.56598616
21,22.44003659,Evening,69.88269014,1,0,3,26.20624803
98,39.8552992,Morning,38.14464843,1,1,5,22.26958143
45,34.36675519,Evening,56.53645654,0,0,2,27.60320652
78,24.5453122,Afternoon,51.19948753,1,1,4,20.59186736
96,37.70761749,Morning,61.52201447,1,0,5,21.29334171
74,39.78906644,Morning,77.59284685,1,1,4,22.30993701
82,21.05218936,Evening,63.61694522,1,1,3,20.54131836
58,38.11484646,Evening,36.0009543,0,1,4,21.12099482
43,37.84885176,Morning,48.39603007,0,0,4,21.53108464
11,33.6901659,Afternoon,71.58557932,1,1,3,22.15738532
9,36.4693241,Afternoon,43.394782,1,0,4,20.12686416
53,34.29196016,Afternoon,51.41658165,0,1,3,22.00257079
52,20.97967624,Morning,58.46073591,1,1,4,23.28323347
21,20.59814386,Morning,73.58395108,0,1,5,23.36802126
56,22.26011257,Evening,73.20373696,0,1,4,23.79927259
92,35.82525675,Morning,79.41714648,0,1,4,23.13101375
83,22.39570375,Morning,75.33460782,1,0,5,20.16207679
46,24.38883387,Evening,78.47243221,0,1,4,22.69643098
94,27.84828375,Afternoon,45.69095474,1,1,3,20.69586585
48,29.85291834,Evening,76.64772182,1,1,4,23.47236451
5,28.46935345,Morning,61.10378309,1,1,3,25.22319132
77,32.4173398,Morning,87.83793735,1,1,4,22.75403401
62,28.3580494,Evening,78.48108344,0,1,3,20.44915928
49,21.83726579,Afternoon,34.12759976,1,1,2,25.59370031
16,38.06671961,Evening,45.85363817,1,0,5,21.81691345
9,32.27055152,Evening,68.10681166,0,0,3,25.2933812
6,22.34102009,Afternoon,66.50808599,1,1,1,25.54540811
22,27.4699042,Evening,74.22326985,1,1,5,22.06360269
82,38.14016405,Evening,71.82283534,0,1,3,20.00609446
41,26.47560741,Morning,56.10107155,1,1,1,27.78232412
36,21.10621734,Evening,82.86778473,1,1,4,23.50919945
60,29.82615868,Evening,77.54954846,0,1,4,22.73146668
62,29.18153512,Evening,46.58773216,1,1,4,22.72246872
73,37.85948698,Morning,37.70424118,0,0,5,20.03178871
100,29.19811744,Evening,42.96075847,0,1,3,22.5419268
21,37.07362279,Morning,73.72353795,0,0,5,20.05170018
11,25.79539346,Afternoon,57.50201244,1,1,2,25.12254717
96,27.35827841,Evening,43.68035707,1,1,4,21.19592792
93,20.10638658,Afternoon,85.47287497,1,0,4,20.04555919
12,28.29355027,Evening,57.96745825,1,0,1,26.61419518
29,27.79517395,Evening,73.26972884,1,1,4,21.7347897
100,39.08619903,Afternoon,37.91151772,1,0,3,20.77566789
11,37.77060546,Afternoon,65.95325903,1,1,5,23.24716299
14,22.26752841,Morning,55.99115816,0,1,3,24.91258067
38,36.76393066,Afternoon,50.63657695,0,1,5,20.1912961
25,34.106932,Afternoon,79.77413317,0,0,3,20.25777416
100,25.90908252,Morning,78.63029892,0,0,5,22.94469918
79,20.22115061,Morning,67.52298466,1,0,3,21.32335555
94,23.23975721,Evening,44.1907506,1,0,3,21.25290291
27,22.6106413,Morning,49.92654539,1,1,3,24.02019776
28,32.59313229,Evening,75.18418201,1,1,3,23.32967282
36,22.3762183,Evening,50.50995044,0,1,2,27.41038967
48,20.49673971,Morning,79.46130247,1,1,4,21.24510462
82,37.81998119,Morning,37.85162866,1,1,5,21.40416151
23,37.93340402,Afternoon,58.66748534,1,0,4,22.65127636
90,37.12823634,Afternoon,53.80449626,0,0,4,23.62816245
58,32.43458273,Morning,58.90240394,0,0,5,23.28449907
80,33.74650284,Afternoon,87.44251158,0,1,3,22.52221254
47,21.49188469,Morning,63.74800508,0,1,3,26.24216344
79,35.15753693,Evening,77.50263633,1,1,5,21.36656536
31,35.31116906,Evening,71.63242705,1,1,3,23.41111454
62,33.83529633,Evening,77.74700891,1,0,4,21.67622221
47,26.51559268,Afternoon,78.59710689,0,1,4,20.37086394
33,35.88648143,Afternoon,59.35372789,1,1,5,20.23791174
85,28.04300992,Afternoon,58.64793589,1,0,3,21.76293815